,Domanda,Risposta,Feedback,Index
0,"Io ti premetto già che alcuni nomi di località non me li ricordo assolutamente. Ho provato anche guardando le foto eh però me li ero appuntati in dei fogli sparsi che ho, ovviamente, perso! Quindi, ehm... sì, insomma, quello che mi ricordo uhm... allora ehm... Lo scorso settembre io e il mio, ormai, ex ragazzo siamo andati a Corfù in Grecia ehm siamo stati lì tipo sei giorni... sei, sette, sei giorni. Eh, siamo andati ovviamente con l'aereo da Treviso a Corfù eh, e siamo arrivati a metà mattina del martedì... Sì, del martedì! Eh, e niente, ehm, avevamo preso un appartamento, uhm - che poi doveva essere un mini appartamento ma in realtà era enorme - eh davanti, proprio davanti alla spiaggia, e niente, quindi siamo arrivati là, abbiamo preso un taxi e siamo andati in albergo eh... durante la restante parte della giornata siamo andati nella spiaggetta che c'era lì davanti - perchè non avevamo voglia di fare altro, insomma, eravamo stanchi e tutto... eh e niente siamo stati lì a prendere il sole, abbiamo mangiato qualcosa eh e dopo, però, ha iniziato a... Il tempo era un pò instabile perchè, essendo Settembre si era un po' annuvolato e siamo tornati sù, siamo andati a fare un giro in un paesino lì vicino che era, cioè, il paesino dove c'era la struttura che ci ospitava, che però era un po' fuori sulla strada eh, e niente. Abbiamo cenato e il giorno dopo, purtroppo, pioveva no? Il giorno dopo non pioveva, però c'era comunque un tempo instabile eh, e allora abbiamo fatto un giro, abbiamo noleggiato una macchina e abbiamo... siamo andati nella parte sud dell'isola perchè, essendo proprio noi a metà, siamo andati verso giù eh e abbiamo costeggiato proprio la costa sud e dove vedevamo qualcosa che ci piaceva, ci fermavamo e abbiamo fatto il giro di un po' di spiaggette. Poi siamo tornati su a casa abbiamo riempito tutta la giornata così eh, e niente, la sera siamo andati a mangiare fuori perché non avevamo mai voglia di cucinare a casa eh e dopo, il giorno dopo, invece, è piovuto tutto il giorno mi sembra eh e allora, invece di fare il mare, siamo andati a corfù città che è molto carina. Siamo stati tutto il giorno lì, abbiamo fatto visite culturali, abbiamo visto le chiese, i musei e tutto quanto eh",F,Sbagliato,
1,"Io ti premetto già che alcuni nomi di località non me li ricordo assolutamente. Ho provato anche guardando le foto eh però me li ero appuntati in dei fogli sparsi che ho, ovviamente, perso! Quindi, ehm... sì, insomma, quello che mi ricordo uhm... allora ehm... Lo scorso settembre io e il mio, ormai, ex ragazzo siamo andati a Corfù in Grecia ehm siamo stati lì tipo sei giorni... sei, sette, sei giorni. Eh, siamo andati ovviamente con l'aereo da Treviso a Corfù eh, e siamo arrivati a metà mattina del martedì... Sì, del martedì! Eh, e niente, ehm, avevamo preso un appartamento, uhm - che poi doveva essere un mini appartamento ma in realtà era enorme - eh davanti, proprio davanti alla spiaggia, e niente, quindi siamo arrivati là, abbiamo preso un taxi e siamo andati in albergo eh... durante la restante parte della giornata siamo andati nella spiaggetta che c'era lì davanti - perchè non avevamo voglia di fare altro, insomma, eravamo stanchi e tutto... eh e niente siamo stati lì a prendere il sole, abbiamo mangiato qualcosa eh e dopo, però, ha iniziato a... Il tempo era un pò instabile perchè, essendo Settembre si era un po' annuvolato e siamo tornati sù, siamo andati a fare un giro in un paesino lì vicino che era, cioè, il paesino dove c'era la struttura che ci ospitava, che però era un po' fuori sulla strada eh, e niente. Abbiamo cenato e il giorno dopo, purtroppo, pioveva no? Il giorno dopo non pioveva, però c'era comunque un tempo instabile eh, e allora abbiamo fatto un giro, abbiamo noleggiato una macchina e abbiamo... siamo andati nella parte sud dell'isola perchè, essendo proprio noi a metà, siamo andati verso giù eh e abbiamo costeggiato proprio la costa sud e dove vedevamo qualcosa che ci piaceva, ci fermavamo e abbiamo fatto il giro di un po' di spiaggette. Poi siamo tornati su a casa abbiamo riempito tutta la giornata così eh, e niente, la sera siamo andati a mangiare fuori perché non avevamo mai voglia di cucinare a casa eh e dopo, il giorno dopo, invece, è piovuto tutto il giorno mi sembra eh e allora, invece di fare il mare, siamo andati a corfù città che è molto carina. Siamo stati tutto il giorno lì, abbiamo fatto visite culturali, abbiamo visto le chiese, i musei e tutto quanto eh",F,Sbagliato,
2,"Me and my girlfriend had gone to the Los Angeles Zoo. I can't exactly remember the day but I believe it was either April or May or maybe June. It was a hot day that day and it was spur of the moment trip. I honestly wasn't particularly excited to go but my girlfriend had been bugging me for months to go to the zoo so I finally said let's go. We got there around 10 or 11 in the morning and it was already around 90 degrees. When we walked in there was the insect/reptile section of the zoo so we saw many exotic looking spiders, snakes, scorpions etc. I liked it but my girlfriend didn't like insects. Then we walked in the African animals section. We saw elephants mostly and we could hear monkeys and apes in the distance somewhere. So we keep walking and eventually we find the apes. We saw gorillas hanging out in the shade and in a different section we saw other chimps and monkeys. We walked past that and we saw giraffes. Watching the giraffes was a cool site because they got really close to us. Like one of them was looking at me and came in my direction and I thought it would actually do something to me. Then after we saw the lions and they were mostly hanging out in the shade to stay out of the heat. We continued to walk around and we saw a section with Australian animals. So we managed to see koalas in the tress and tasmanian devils. I think we also saw kangaroos but I can't remember. We spent a lot of time at the zoo maybe around 5-6 hours. I think we left and we got back home around 4 or 5 pm.",T,Corretto,
3,"I remember the event like it was just yesterday. When I received the phone call from my friend that he had been arrested I was very surprised. This was not a usual occurrence in my friend circle, actually this was the first time I had to go bail my friend out. I remember how told me how and why he was arrested. The drive there was long and tiresome but the one back home was relaxing. My mind was everywhere trying to figure out the reason for the arrest but when my friend explained, it settled down. We laughed and talked about the events of the day over a cold drink. We talked of all the injustices ongoing. We also talked about how everyone is turning a blind eye to such kind of injustices. We agreed to try and change such situations. My friend thanked me for bailing him out and I was happy that he was safe. The charges against him were later dropped  due to lack of evidence. I knew my friend was not guilty and it was a relief to know so. We had dinner over my friend's house that day. It was a long day. I thanked my friend for dinner.",T,Corretto,
4,"At the beginning of this year my mother in law decided to go to Disney World to meet up with her daughter and granddaughter. Since she had some extra money in her travel fund leftover from last year, she invited me to come along as well. I was not working at the time and she would be paying for everything besides food so I decided to go. I had not seen my niece in a long time and she is only 4 so at that age kids change a lot. My mother in law and I had some time before the others arrived so we went to Universal Studios. Harry Potter world was my favorite and I am really glad I got to see it. It was very crowded but luckily the weather was not too hot. We spent a lot of time at Magic Kingdom with my niece and it was really neat to see what things she got excited about. We got to see several shows. The live action Frozen show was really well done and only about 20 minutes long so it was perfect for small kids. My niece really liked the fireworks. I enjoyed a lot of the rides and all of the shows. The food at Disney World is just okay for the price but we did have some good meals and some ice cream. I am very grateful that I got to go on the trip to see family and have some fun. It was a lot of long days of walking and getting tired but overall we all had a great time.",T,Corretto,
5,"I will be taking my 8-year-old daughter
swimming this Saturday. We’ll be going
early in the morning, as it’s generally a lot
quieter at that time, and my daughter is
always up early watching cartoons anyway
(5 am!). I’m trying to teach her how to
swim in the deep end before she starts her
new school in September as they have
swimming lessons there twice a week.
",T,Sbagliato,
6,"hi, this is a trial",T,Corretto,
7,heyyy,F,Corretto,1.0
8,Riccardo is a lier,F,Corretto,1.0
